ğŸ™‚,neutral,
ğŸ˜€,positive,
ğŸ˜ƒ,positive,
ğŸ˜„,positive,
ğŸ˜,positive,
ğŸ˜…,neutral,
ğŸ˜†,positive,
ğŸ¤£,positive,
ğŸ˜‚,positive,
ğŸ™ƒ,neutral,
ğŸ˜‰,positive,
ğŸ˜Š,positive,
ğŸ˜‡,neutral,
ğŸ˜,neutral,
ğŸ¤“,neutral,
ğŸ§,neutral,
ğŸ¥³,positive,
ğŸ¥°,positive,
ğŸ˜,positive,
ğŸ¤©,positive,
ğŸ˜˜,positive,
ğŸ˜—,positive,
â˜º,positive,
ğŸ˜š,positive,
ğŸ˜™,positive,
ğŸ¥²,negative,
ğŸ˜‹,positive,
ğŸ˜›,positive,
ğŸ˜œ,positive,
ğŸ¤ª,positive,
ğŸ˜,positive,
ğŸ¤‘,positive,
ğŸ¤—,positive,
ğŸ¤­,neutral,
ğŸ¤«,neutral,
ğŸ¤”,neutral,
ğŸ˜,neutral,
ğŸ¤,neutral,
ğŸ¤¨,negative,
ğŸ˜‘,negative,
ğŸ˜¶,negative,
ğŸ˜,positive,
ğŸ˜’,negative,
ğŸ™„,negative,
ğŸ˜¬,neutral,
ğŸ˜®â€ğŸ’¨,neutral,
ğŸ¤¥,negative,
ğŸ˜ª,neutral,
ğŸ˜´,neutral,
ğŸ˜Œ,positive,
ğŸ˜”,negative,
ğŸ¤¤,positive,
ğŸ˜·,negative,
ğŸ¤’,negative,
ğŸ¤•,negative,
ğŸ¤¢,negative,
ğŸ¤®,negative,
ğŸ¤§,negative,
ğŸ¥µ,negative,
ğŸ¥¶,negative,
ğŸ¥´,negative,
ğŸ˜µ,negative,
ğŸ¤¯,negative,
ğŸ˜•,negative,
ğŸ˜Ÿ,negative,
ğŸ™,negative,
â˜¹,negative,
ğŸ˜®,negative,
ğŸ˜¯,negative,
ğŸ˜²,negative,
ğŸ˜³,neutral,
ğŸ¥º,neutral,
ğŸ˜¦,negative,
ğŸ˜§,negative,
ğŸ˜¨,negative,
ğŸ˜°,negative,
ğŸ˜¥,negative,
ğŸ˜¢,negative,
ğŸ˜­,negative,
ğŸ˜±,negative,
ğŸ˜–,negative,
ğŸ˜£,negative,
ğŸ˜,negative,
ğŸ˜“,negative,
ğŸ˜©,negative,
ğŸ˜«,negative,
ğŸ¥±,negative,
ğŸ˜¤,negative,
ğŸ˜¡,negative,
ğŸ˜ ,negative,
ğŸ¤¬,negative,
ğŸ˜ˆ,negative,
ğŸ‘¿,negative,
ğŸ’€,negative,
â˜ ,negative,
ğŸ’©,negative,
ğŸ¤¡,negative,positive
ğŸ‘¹,neutral,
ğŸ‘º,negative,
ğŸ‘»,positive,
ğŸ‘½,neutral,
ğŸ‘¾,neutral,
ğŸ¤–,neutral,
ğŸ˜º,positive,
ğŸ˜¸,positive,
ğŸ˜¹,positive,
ğŸ˜»,positive,
ğŸ˜¼,positive,
ğŸ˜½,positive,
ğŸ™€,neutral,
ğŸ˜¿,negative,
ğŸ˜¾,negative,
ğŸ™ˆ,positive,
ğŸ™‰,neutral,
ğŸ™Š,neutral,
ğŸ’‹,positive,
ğŸ’Œ,positive,
ğŸ’˜,positive,
ğŸ’,positive,
ğŸ’–,positive,
ğŸ’—,positive,
ğŸ’“,positive,
ğŸ’,positive,
ğŸ’•,positive,
ğŸ’Ÿ,positive,
â£,positive,
ğŸ’”,positive,
â¤ï¸â€ğŸ”¥,positive,
â¤ï¸â€ğŸ©¹,positive,
â¤,positive,
ğŸ§¡,positive,
ğŸ’›,positive,
ğŸ’š,positive,
ğŸ’™,positive,
ğŸ’œ,positive,
ğŸ¤,positive,
ğŸ–¤,positive,
ğŸ¤,positive,
ğŸ’¯,positive,
ğŸ’¢,positive,
ğŸ’¥,positive,
ğŸ’«,positive,
ğŸ’¦,neutral,
ğŸ’¨,neutral,
ğŸ•³,neutral,
ğŸ’£,neutral,
ğŸ’¬,neutral,
ğŸ‘ï¸â€ğŸ—¨ï¸,neutral,
ğŸ—¨,neutral,
ğŸ—¯,neutral,
ğŸ’­,neutral,
ğŸ’¤,neutral,
ğŸ‘‹,neutral,
ğŸ¤š,neutral,
ğŸ–,neutral,
âœ‹,neutral,
ğŸ––,neutral,
ğŸ‘Œ,neutral,
ğŸ¤Œ,neutral,
ğŸ¤,neutral,
âœŒ,positive,
ğŸ¤,positive,
ğŸ¤Ÿ,positive,
ğŸ¤˜,positive,
ğŸ¤™,positive,
ğŸ‘ˆ,neutral,
ğŸ‘‰,neutral,
ğŸ‘†,neutral,
ğŸ‘‡,neutral,
ğŸ–•,negative,
â˜,neutral,
ğŸ«µ,neutral,
ğŸ‘,positive,
ğŸ‘,negative,
âœŠ,positive,
ğŸ‘Š,negative,
ğŸ¤›,negative,
ğŸ¤œ,negative,
ğŸ‘,positive,
ğŸ™Œ,positive,
ğŸ‘,neutral,
ğŸ¤²,neutral,
ğŸ¤,neutral,
ğŸ™,neutral,
âœ,neutral,
ğŸ’…,neutral,
ğŸ¤³,neutral,
ğŸ’ª,neutral,
ğŸ¦¾,neutral,
ğŸ¦µ,neutral,
ğŸ¦¿,neutral,
ğŸ¦¶,neutral,
ğŸ‘‚,neutral,
ğŸ¦»,neutral,
ğŸ‘ƒ,neutral,
ğŸ§ ,neutral,
ğŸ‘£,neutral,
ğŸ«€,neutral,
ğŸ«,neutral,
ğŸ¦·,neutral,
ğŸ¦´,neutral,
ğŸ‘€,neutral,
ğŸ‘,neutral,
ğŸ‘…,neutral,
ğŸ‘„,neutral,
ğŸ§‘,neutral,
ğŸ‘¶,neutral,
ğŸ§’,neutral,
ğŸ‘¦,neutral,
ğŸ‘§,neutral,
ğŸ‘±,neutral,
ğŸ‘¨,neutral,
ğŸ§”,neutral,
ğŸ§”â€â™‚â€,neutral,
ğŸ§”â€â™€â€,neutral,
ğŸ‘¨â€ğŸ¦°,neutral,
ğŸ‘¨â€ğŸ¦±,neutral,
ğŸ‘¨â€ğŸ¦³,neutral,
ğŸ‘¨â€ğŸ¦²,neutral,
ğŸ‘©,neutral,
ğŸ‘©â€ğŸ¦°,neutral,
ğŸ‘©â€ğŸ¦±,neutral,
ğŸ‘©â€ğŸ¦³,neutral,
ğŸ‘©â€ğŸ¦²,neutral,
ğŸ‘±â€â™€â€,neutral,
ğŸ‘±â€â™‚â€,neutral,
ğŸ§“,neutral,
ğŸ‘´,neutral,
ğŸ‘µ,neutral,
ğŸ™,neutral,
ğŸ™â€â™‚â€,neutral,
ğŸ™â€â™€â€,neutral,
ğŸ™,neutral,
ğŸ™â€â™‚â€,neutral,
ğŸ™â€â™€â€,neutral,
ğŸ™…,neutral,
ğŸ™…â€â™‚â€,neutral,
ğŸ™…â€â™€â€,neutral,
ğŸ™†,neutral,
ğŸ™†â€â™‚â€,neutral,
ğŸ™†â€â™€â€,neutral,
ğŸ’,neutral,
ğŸ’â€â™‚â€,neutral,
ğŸ’â€â™€â€,neutral,
ğŸ™‹,neutral,
ğŸ™‹â€â™‚â€,neutral,
ğŸ™‹â€â™€â€,neutral,
ğŸ§,neutral,
ğŸ§â€â™‚â€,neutral,
ğŸ§â€â™€â€,neutral,
ğŸ™‡,neutral,
ğŸ™‡â€â™‚â€,neutral,
ğŸ™‡â€â™€â€,neutral,
ğŸ¤¦,neutral,
ğŸ¤¦â€â™‚â€,neutral,
ğŸ¤¦â€â™€â€,neutral,
ğŸ¤·,neutral,
ğŸ¤·â€â™‚â€,neutral,
ğŸ¤·â€â™€â€,neutral,
ğŸ§‘â€âš•â€,neutral,
ğŸ‘¨â€âš•â€,neutral,
ğŸ‘©â€âš•â€,neutral,
ğŸ§‘â€ğŸ“,neutral,
ğŸ‘¨â€ğŸ“,neutral,
ğŸ§‘â€ğŸ«,neutral,
ğŸ‘¨â€ğŸ«,neutral,
ğŸ‘©â€ğŸ«,neutral,
ğŸ§‘â€âš–â€,neutral,
ğŸ‘¨â€âš–â€,neutral,
ğŸ‘©â€âš–â€,neutral,
ğŸ§‘â€ğŸŒ¾,neutral,
ğŸ‘¨â€ğŸŒ¾,neutral,
ğŸ‘©â€ğŸŒ¾,neutral,
ğŸ§‘â€ğŸ³,neutral,
ğŸ‘¨â€ğŸ³,neutral,
ğŸ‘©â€ğŸ³,neutral,
ğŸ§‘â€ğŸ”§,neutral,
ğŸ‘¨â€ğŸ”§,neutral,
ğŸ‘©â€ğŸ”§,neutral,
ğŸ§‘â€ğŸ­,neutral,
ğŸ‘¨â€ğŸ­,neutral,
ğŸ‘©â€ğŸ­,neutral,
ğŸ§‘â€ğŸ’¼,neutral,
ğŸ‘¨â€ğŸ’¼,neutral,
ğŸ‘©â€ğŸ’¼,neutral,
ğŸ§‘â€ğŸ”¬,neutral,
ğŸ‘¨â€ğŸ”¬,neutral,
ğŸ‘©â€ğŸ”¬,neutral,
ğŸ§‘â€ğŸ’»,neutral,
ğŸ‘¨â€ğŸ’»,neutral,
ğŸ‘©â€ğŸ’»,neutral,
ğŸ§‘â€ğŸ¤,neutral,
ğŸ‘¨â€ğŸ¤,neutral,
ğŸ‘©â€ğŸ¤,neutral,
ğŸ§‘â€ğŸ¨,neutral,
ğŸ‘¨â€ğŸ¨,neutral,
ğŸ‘©â€ğŸ¨,neutral,
ğŸ§‘â€âœˆâ€,neutral,
ğŸ‘¨â€âœˆâ€,neutral,
ğŸ‘©â€âœˆâ€,neutral,
ğŸ§‘â€ğŸš€,neutral,
ğŸ‘¨â€ğŸš€,neutral,
ğŸ‘©â€ğŸš€,neutral,
ğŸ§‘â€ğŸš’,neutral,
ğŸ‘¨â€ğŸš’,neutral,
ğŸ‘©â€ğŸš’,neutral,
ğŸ‘®,neutral,
ğŸ‘®â€â™‚â€,neutral,
ğŸ‘®â€â™€â€,neutral,
ğŸ•µ,neutral,
ğŸ•µï¸â€â™‚â€,neutral,
ğŸ•µï¸â€â™€â€,neutral,
ğŸ’‚,neutral,
ğŸ’‚â€â™‚â€,neutral,
ğŸ’‚â€â™€â€,neutral,
ğŸ¥·,neutral,
ğŸ‘·,neutral,
ğŸ‘·â€â™‚â€,neutral,
ğŸ‘·â€â™€â€,neutral,
ğŸ¤´,neutral,
ğŸ‘¸,neutral,
ğŸ‘³,neutral,
ğŸ‘³â€â™‚â€,neutral,
ğŸ‘³â€â™€â€,neutral,
ğŸ‘²,neutral,
ğŸ§•,neutral,
ğŸ¤µ,neutral,
ğŸ¤µâ€â™‚â€,neutral,
ğŸ¤µâ€â™€â€,neutral,
ğŸ‘°,neutral,
ğŸ‘°â€â™‚â€,neutral,
ğŸ‘°â€â™€â€,neutral,
ğŸ¤°,neutral,
ğŸ¤±,neutral,
ğŸ§‘â€ğŸ¼,neutral,
ğŸ‘©â€ğŸ¼,neutral,
ğŸ‘¨â€ğŸ¼,neutral,
ğŸ‘¼,neutral,
ğŸ…,neutral,
ğŸ¤¶,neutral,
ğŸ§‘â€ğŸ„,neutral,
ğŸ¦¸,neutral,
ğŸ¦¸â€â™‚â€,neutral,
ğŸ¦¸â€â™€â€,neutral,
ğŸ¦¹,neutral,
ğŸ¦¹â€â™‚â€,neutral,
ğŸ¦¹â€â™€â€,neutral,
ğŸ§™,neutral,
ğŸ§™â€â™‚â€,neutral,
ğŸ§™â€â™€â€,neutral,
ğŸ§š,neutral,
ğŸ§šâ€â™‚â€,neutral,
ğŸ§šâ€â™€â€,neutral,
ğŸ§›,neutral,
ğŸ§›â€â™‚â€,neutral,
ğŸ§›â€â™€â€,neutral,
ğŸ§œ,neutral,
ğŸ§œâ€â™‚â€,neutral,
ğŸ§œâ€â™€â€,neutral,
ğŸ§,neutral,
ğŸ§â€â™‚â€,neutral,
ğŸ§â€â™€â€,neutral,
ğŸ§,neutral,
ğŸ§â€â™‚â€,neutral,
ğŸ§â€â™€â€,neutral,
ğŸ§Ÿ,neutral,
ğŸ§Ÿâ€â™‚â€,neutral,
ğŸ§Ÿâ€â™€â€,neutral,
ğŸ’†,neutral,
ğŸ’†â€â™‚â€,neutral,
ğŸ’†â€â™€â€,neutral,
ğŸ’‡,neutral,
ğŸ’‡â€â™‚â€,neutral,
ğŸ’‡â€â™€â€,neutral,
ğŸš¶,neutral,
ğŸš¶â€â™‚â€,neutral,
ğŸš¶â€â™€â€,neutral,
ğŸ§,neutral,
ğŸ§â€â™‚â€,neutral,
ğŸ§â€â™€â€,neutral,
ğŸ§,neutral,
ğŸ§â€â™‚â€,neutral,
ğŸ§â€â™€â€,neutral,
ğŸ§‘â€ğŸ¦¯,neutral,
ğŸ‘¨â€ğŸ¦¯,neutral,
ğŸ‘©â€ğŸ¦¯,neutral,
ğŸ§‘â€ğŸ¦¼,neutral,
ğŸ‘¨â€ğŸ¦¼,neutral,
ğŸ‘©â€ğŸ¦¼,neutral,
ğŸ§‘â€ğŸ¦½,neutral,
ğŸ‘¨â€ğŸ¦½,neutral,
ğŸ‘©â€ğŸ¦½,neutral,
ğŸƒ,neutral,
ğŸƒâ€â™‚â€,neutral,
ğŸƒâ€â™€â€,neutral,
ğŸ’ƒ,neutral,
ğŸ•º,neutral,
ğŸ•´,neutral,
ğŸ‘¯,neutral,
ğŸ‘¯â€â™‚â€,neutral,
ğŸ‘¯â€â™€â€,neutral,
ğŸ§–,neutral,
ğŸ§–â€â™‚â€,neutral,
ğŸ§–â€â™€â€,neutral,
ğŸ§—,neutral,
ğŸ§—â€â™‚â€,neutral,
ğŸ§—â€â™€â€,neutral,
ğŸ¤º,neutral,
ğŸ‡,neutral,
â›·,neutral,
ğŸ‚,neutral,
ğŸŒ,neutral,
ğŸŒï¸â€â™‚â€,neutral,
ğŸŒï¸â€â™€â€,neutral,
ğŸ„,neutral,
ğŸ„â€â™‚â€,neutral,
ğŸ„â€â™€â€,neutral,
ğŸš£,neutral,
ğŸš£â€â™‚â€,neutral,
ğŸš£â€â™€â€,neutral,
ğŸŠ,neutral,
ğŸŠâ€â™‚â€,neutral,
ğŸŠâ€â™€â€,neutral,
â›¹,neutral,
â›¹ï¸â€â™‚â€,neutral,
â›¹ï¸â€â™€â€,neutral,
ğŸ‹,neutral,
ğŸ‹ï¸â€â™‚â€,neutral,
ğŸ‹ï¸â€â™€â€,neutral,
ğŸš´,neutral,
ğŸš´â€â™‚â€,neutral,
ğŸš´â€â™€â€,neutral,
ğŸšµ,neutral,
ğŸšµâ€â™‚â€,neutral,
ğŸšµâ€â™€â€,neutral,
ğŸ¤¸,neutral,
ğŸ¤¸â€â™‚â€,neutral,
ğŸ¤¸â€â™€â€,neutral,
ğŸ¤¼,neutral,
ğŸ¤¼â€â™‚â€,neutral,
ğŸ¤¼â€â™€â€,neutral,
ğŸ¤½,neutral,
ğŸ¤½â€â™‚â€,neutral,
ğŸ¤½â€â™€â€,neutral,
ğŸ¤¾,neutral,
ğŸ¤¾â€â™‚â€,neutral,
ğŸ¤¾â€â™€â€,neutral,
ğŸ¤¹,neutral,
ğŸ¤¹â€â™‚â€,neutral,
ğŸ¤¹â€â™€â€,neutral,
ğŸ§˜,neutral,
ğŸ§˜â€â™‚â€,neutral,
ğŸ§˜â€â™€â€,neutral,
ğŸ›€,neutral,
ğŸ›Œ,neutral,
ğŸ‘ª,neutral,
ğŸ‘¨â€ğŸ‘©â€ğŸ‘¦,neutral,
ğŸ‘¨â€ğŸ‘©â€ğŸ‘§,neutral,
ğŸ‘¨â€ğŸ‘©â€ğŸ‘§â€ğŸ‘¦,neutral,
ğŸ‘¨â€ğŸ‘©â€ğŸ‘¦â€ğŸ‘¦,neutral,
ğŸ‘¨â€ğŸ‘©â€ğŸ‘§â€ğŸ‘§,neutral,
ğŸ‘¨â€ğŸ‘¨â€ğŸ‘¦,neutral,
ğŸ‘¨â€ğŸ‘¨â€ğŸ‘§,neutral,
ğŸ‘¨â€ğŸ‘¨â€ğŸ‘§â€ğŸ‘¦,neutral,
ğŸ‘¨â€ğŸ‘¨â€ğŸ‘¦â€ğŸ‘¦,neutral,
ğŸ‘¨â€ğŸ‘¨â€ğŸ‘§â€ğŸ‘§,neutral,
ğŸ‘©â€ğŸ‘©â€ğŸ‘¦,neutral,
ğŸ‘©â€ğŸ‘©â€ğŸ‘§,neutral,
ğŸ‘©â€ğŸ‘©â€ğŸ‘§â€ğŸ‘¦,neutral,
ğŸ‘©â€ğŸ‘©â€ğŸ‘¦â€ğŸ‘¦,neutral,
ğŸ‘©â€ğŸ‘©â€ğŸ‘§â€ğŸ‘§,neutral,
ğŸ‘¨â€ğŸ‘¦,neutral,
ğŸ‘¨â€ğŸ‘¦â€ğŸ‘¦,neutral,
ğŸ‘¨â€ğŸ‘§,neutral,
ğŸ‘¨â€ğŸ‘§â€ğŸ‘¦,neutral,
ğŸ‘¨â€ğŸ‘§â€ğŸ‘§,neutral,
ğŸ‘©â€ğŸ‘¦,neutral,
ğŸ‘©â€ğŸ‘¦â€ğŸ‘¦,neutral,
ğŸ‘©â€ğŸ‘§,neutral,
ğŸ‘©â€ğŸ‘§â€ğŸ‘¦,neutral,
ğŸ‘©â€ğŸ‘§â€ğŸ‘§,neutral,
ğŸ§‘â€ğŸ¤â€ğŸ§‘,neutral,
ğŸ‘­,neutral,
ğŸ‘«,neutral,
ğŸ‘¬,neutral,
ğŸ’,positive,
ğŸ‘©â€â¤â€ğŸ’‹â€ğŸ‘¨,positive,
ğŸ‘¨â€â¤â€ğŸ’‹â€ğŸ‘¨,positive,
ğŸ‘©â€â¤â€ğŸ’‹â€ğŸ‘©,positive,
ğŸ’‘,positive,
ğŸ—£,neutral,
ğŸ‘¤,neutral,
ğŸ‘¥,neutral,
ğŸ«‚,neutral,
ğŸµ,neutral,
ğŸ’,neutral,
ğŸ¦,neutral,
ğŸ¦§,neutral,
ğŸ¶,neutral,
ğŸ•,neutral,
ğŸ¦®,neutral,
ğŸ•â€ğŸ¦º,neutral,
ğŸ©,neutral,
ğŸº,neutral,
ğŸ¦Š,neutral,
ğŸ¦,neutral,
ğŸ±,neutral,
ğŸˆ,neutral,
ğŸˆâ€â¬›,neutral,
ğŸ¦,neutral,
ğŸ¯,neutral,
ğŸ…,neutral,
ğŸ†,neutral,
ğŸ´,neutral,
ğŸ,neutral,
ğŸ¦„,neutral,
ğŸ¦“,neutral,
ğŸ¦Œ,neutral,
ğŸ¦¬,neutral,
ğŸ®,neutral,
ğŸ„,neutral,
ğŸ‚,neutral,
ğŸƒ,neutral,
ğŸ·,neutral,
ğŸ–,neutral,
ğŸ—,neutral,
ğŸ½,neutral,
ğŸ,neutral,
ğŸ‘,neutral,
ğŸ,neutral,
ğŸª,neutral,
ğŸ«,neutral,
ğŸ¦™,neutral,
ğŸ¦’,neutral,
ğŸ˜,neutral,
ğŸ¦£,neutral,
ğŸ¦,neutral,
ğŸ¦›,neutral,
ğŸ­,neutral,
ğŸ,neutral,
ğŸ€,neutral,
ğŸ¹,neutral,
ğŸ°,neutral,
ğŸ‡,neutral,
ğŸ¿,neutral,
ğŸ¦«,neutral,
ğŸ¦”,neutral,
ğŸ¦‡,neutral,
ğŸ»,neutral,
ğŸ»â€â„ï¸,neutral,
ğŸ¨,neutral,
ğŸ¼,neutral,
ğŸ¦¥,neutral,
ğŸ¦¦,neutral,
ğŸ¦¨,neutral,
ğŸ¦˜,neutral,
ğŸ¦¡,neutral,
ğŸ¾,neutral,
ğŸ¦ƒ,neutral,
ğŸ”,neutral,
ğŸ“,neutral,
ğŸ£,neutral,
ğŸ¤,neutral,
ğŸ¥,neutral,
ğŸ¦,neutral,
ğŸ§,neutral,
ğŸ•Š,neutral,
ğŸ¦…,neutral,
ğŸ¦†,neutral,
ğŸ¦¢,neutral,
ğŸ¦‰,neutral,
ğŸ¦¤,neutral,
ğŸª¶,neutral,
ğŸ¦©,neutral,
ğŸ¦œ,neutral,
ğŸ¸,neutral,
ğŸŠ,neutral,
ğŸ¢,neutral,
ğŸ¦,neutral,
ğŸ,neutral,
ğŸ²,neutral,
ğŸ‰,neutral,
ğŸ¦•,neutral,
ğŸ¦–,neutral,
ğŸ³,neutral,
ğŸ‹,neutral,
ğŸ¬,neutral,
ğŸ¦­,neutral,
ğŸŸ,neutral,
ğŸ ,neutral,
ğŸ¡,neutral,
ğŸ¦ˆ,neutral,
ğŸ™,neutral,
ğŸš,neutral,
ğŸŒ,neutral,
ğŸ¦‹,neutral,
ğŸ›,neutral,
ğŸœ,neutral,
ğŸ,neutral,
ğŸª²,neutral,
ğŸ,neutral,
ğŸ¦—,neutral,
ğŸª³,neutral,
ğŸ•·,neutral,
ğŸ•¸,neutral,
ğŸ¦‚,neutral,
ğŸ¦Ÿ,neutral,
ğŸª°,neutral,
ğŸª±,neutral,
ğŸ¦ ,neutral,
ğŸ’,neutral,
ğŸŒ¸,neutral,
ğŸ’®,neutral,
ğŸµ,neutral,
ğŸŒ¹,neutral,
ğŸ¥€,neutral,
ğŸŒº,neutral,
ğŸŒ»,neutral,
ğŸŒ¼,neutral,
ğŸŒ·,neutral,
ğŸŒ±,neutral,
ğŸª´,neutral,
ğŸŒ²,neutral,
ğŸŒ³,neutral,
ğŸŒ´,neutral,
ğŸŒµ,neutral,
ğŸŒ¾,neutral,
ğŸŒ¿,neutral,
â˜˜,neutral,
ğŸ€,neutral,
ğŸ,neutral,
ğŸ‚,neutral,
ğŸƒ,neutral,
ğŸª´,neutral,
ğŸª´,neutral,
ğŸ‡,neutral,
ğŸˆ,neutral,
ğŸ‰,neutral,
ğŸŠ,neutral,
ğŸ‹,neutral,
ğŸŒ,neutral,
ğŸ,neutral,
ğŸ¥­,neutral,
ğŸ,neutral,
ğŸ,neutral,
ğŸ,neutral,
ğŸ‘,neutral,
ğŸ’,neutral,
ğŸ“,neutral,
ğŸ«,neutral,
ğŸ¥,neutral,
ğŸ…,neutral,
ğŸ«’,neutral,
ğŸ¥¥,neutral,
ğŸ¥‘,neutral,
ğŸ†,neutral,
ğŸ¥”,neutral,
ğŸ¥•,neutral,
ğŸŒ½,neutral,
ğŸŒ¶,neutral,
ğŸ«‘,neutral,
ğŸ¥’,neutral,
ğŸ¥¬,neutral,
ğŸ¥¦,neutral,
ğŸ§„,neutral,
ğŸ§…,neutral,
ğŸ„,neutral,
ğŸ¥œ,neutral,
ğŸ«‘,neutral,
ğŸŒ°,neutral,
ğŸ,neutral,
ğŸ¥,neutral,
ğŸ¥–,neutral,
ğŸ«“,neutral,
ğŸ¥¨,neutral,
ğŸ¥¯,neutral,
ğŸ¥,neutral,
ğŸ§‡,neutral,
ğŸ§€,neutral,
ğŸ–,neutral,
ğŸ—,neutral,
ğŸ¥©,neutral,
ğŸ¥“,neutral,
ğŸ”,neutral,
ğŸŸ,neutral,
ğŸ•,neutral,
ğŸŒ­,neutral,
ğŸ¥ª,neutral,
ğŸŒ®,neutral,
ğŸŒ¯,neutral,
ğŸ«”,neutral,
ğŸ¥™,neutral,
ğŸ§†,neutral,
ğŸ¥š,neutral,
ğŸ³,neutral,
ğŸ¥˜,neutral,
ğŸ²,neutral,
ğŸ«•,neutral,
ğŸ¥£,neutral,
ğŸ¥—,neutral,
ğŸ¿,neutral,
ğŸ§ˆ,neutral,
ğŸ§‚,neutral,
ğŸ¥«,neutral,
ğŸ±,neutral,
ğŸ˜,neutral,
ğŸ™,neutral,
ğŸš,neutral,
ğŸ›,neutral,
ğŸœ,neutral,
ğŸ,neutral,
ğŸ ,neutral,
ğŸ¢,neutral,
ğŸ£,neutral,
ğŸ¤,neutral,
ğŸ¥,neutral,
ğŸ¥®,neutral,
ğŸ¡,neutral,
ğŸ¥Ÿ,neutral,
ğŸ¥ ,neutral,
ğŸ¥¡,neutral,
ğŸ¦€,neutral,
ğŸ¦,neutral,
ğŸ¦,neutral,
ğŸ¦‘,neutral,
ğŸ¦ª,neutral,
ğŸ¨,neutral,
ğŸ§,neutral,
ğŸ¦,neutral,
ğŸ©,neutral,
ğŸª,neutral,
ğŸ‚,neutral,
ğŸ°,neutral,
ğŸ§,neutral,
ğŸ¥§,neutral,
ğŸ«,neutral,
ğŸ¬,neutral,
ğŸ­,neutral,
ğŸ®,neutral,
ğŸ¯,neutral,
ğŸ¼,neutral,
ğŸ¥›,neutral,
â˜•,neutral,
ğŸ«–,neutral,
ğŸµ,neutral,
ğŸ¶,neutral,
ğŸ¾,neutral,
ğŸ·,neutral,
ğŸ¸,neutral,
ğŸ¹,neutral,
ğŸº,neutral,
ğŸ»,neutral,
ğŸ¥‚,neutral,
ğŸ¥ƒ,neutral,
ğŸ¥¤,neutral,
ğŸ§‹,neutral,
ğŸ§ƒ,neutral,
ğŸ§‰,neutral,
ğŸ§Š,neutral,
ğŸ¥¢,neutral,
ğŸ½,neutral,
ğŸ´,neutral,
ğŸ¥„,neutral,
ğŸ”ª,negative,
ğŸ§‹,neutral,
ğŸº,neutral,
ğŸŒ,neutral,
ğŸŒ,neutral,
ğŸŒ,neutral,
ğŸŒ,neutral,
ğŸ—º,neutral,
ğŸ§­,neutral,
â›°,neutral,
ğŸ”,neutral,
ğŸŒ‹,neutral,
ğŸ—»,neutral,
ğŸ•,neutral,
ğŸ–,neutral,
ğŸœ,neutral,
ğŸ,neutral,
ğŸ,neutral,
ğŸŸ,neutral,
ğŸ›,neutral,
ğŸ—,neutral,
ğŸ§±,neutral,
ğŸª¨,neutral,
ğŸªµ,neutral,
ğŸ›–,neutral,
ğŸ˜,neutral,
ğŸš,neutral,
ğŸ ,neutral,
ğŸ¡,neutral,
ğŸ¢,neutral,
ğŸ£,neutral,
ğŸ¤,neutral,
ğŸ¥,neutral,
ğŸ¦,neutral,
ğŸ¨,neutral,
ğŸ©,positive,
ğŸª,neutral,
ğŸ«,neutral,
ğŸ¬,neutral,
ğŸ­,neutral,
ğŸ¯,neutral,
ğŸ°,neutral,
ğŸ’’,neutral,
ğŸ—¼,neutral,
ğŸ—½,neutral,
â›ª,neutral,
ğŸ•Œ,neutral,
ğŸ›•,neutral,
ğŸ•,neutral,
â›©,neutral,
ğŸ•‹,neutral,
â›²,neutral,
â›º,neutral,
ğŸŒ,neutral,
ğŸŒƒ,neutral,
ğŸ™,neutral,
ğŸŒ…,neutral,
ğŸŒ„,neutral,
ğŸŒ†,neutral,
ğŸŒ‡,neutral,
ğŸŒ‰,neutral,
â™¨,neutral,
ğŸ ,neutral,
ğŸ¡,neutral,
ğŸ¢,neutral,
ğŸ’ˆ,neutral,
ğŸª,neutral,
ğŸš‚,neutral,
ğŸšƒ,neutral,
ğŸš„,neutral,
ğŸš…,neutral,
ğŸš†,neutral,
ğŸš‡,neutral,
ğŸšˆ,neutral,
ğŸš‰,neutral,
ğŸšŠ,neutral,
ğŸš,neutral,
ğŸš,neutral,
ğŸš‹,neutral,
ğŸšŒ,neutral,
ğŸš,neutral,
ğŸš,neutral,
ğŸš,neutral,
ğŸš‘,neutral,
ğŸš’,neutral,
ğŸš“,neutral,
ğŸš”,neutral,
ğŸš•,neutral,
ğŸš–,neutral,
ğŸš—,neutral,
ğŸš˜,neutral,
ğŸš™,neutral,
ğŸ›»,neutral,
ğŸšš,neutral,
ğŸš›,neutral,
ğŸšœ,neutral,
ğŸ,neutral,
ğŸ,neutral,
ğŸ›µ,neutral,
ğŸ¦½,neutral,
ğŸ¦¼,neutral,
âŒ›,neutral,
â³,neutral,
âŒš,neutral,
â°,neutral,
â±,neutral,
â²,neutral,
ğŸ•°,neutral,
ğŸ•›,neutral,
ğŸ•§,neutral,
ğŸ•,neutral,
ğŸ•œ,neutral,
ğŸ•‘,neutral,
ğŸ•,neutral,
ğŸ•’,neutral,
ğŸ•,neutral,
ğŸ•“,neutral,
ğŸ•Ÿ,neutral,
ğŸ•”,neutral,
ğŸ• ,neutral,
ğŸ••,neutral,
ğŸ•¡,neutral,
ğŸ•–,neutral,
ğŸ•¢,neutral,
ğŸ•—,neutral,
ğŸ•£,neutral,
ğŸ•˜,neutral,
ğŸ•¤,neutral,
ğŸ•™,neutral,
ğŸ•¥,neutral,
ğŸ•š,neutral,
ğŸ•¦,neutral,
ğŸŒ‘,neutral,
ğŸŒ’,neutral,
ğŸŒ“,neutral,
ğŸŒ”,neutral,
ğŸŒ•,neutral,
ğŸŒ–,neutral,
ğŸŒ—,neutral,
ğŸŒ˜,neutral,
ğŸŒ™,neutral,
ğŸŒš,neutral,
ğŸŒ›,neutral,
ğŸŒœ,neutral,
ğŸŒ¡,neutral,
â˜€,neutral,
ğŸŒ,neutral,
ğŸŒ,neutral,
ğŸª,neutral,
â­,neutral,
ğŸŒŸ,neutral,
ğŸŒ ,neutral,
ğŸŒŒ,neutral,
â˜,neutral,
â›…,neutral,
â›ˆ,neutral,
ğŸŒ¤,neutral,
ğŸŒ¥,neutral,
ğŸŒ¦,neutral,
ğŸŒ§,neutral,
ğŸŒ¨,neutral,
ğŸŒ©,neutral,
ğŸŒª,neutral,
ğŸŒ«,neutral,
ğŸŒ¬,neutral,
ğŸŒ€,neutral,
ğŸŒˆ,neutral,
ğŸŒ‚,neutral,
â˜‚,neutral,
â˜”,neutral,
â›±,neutral,
âš¡,neutral,
â„,neutral,
â˜ƒ,neutral,
â›„,neutral,
â˜„,neutral,
ğŸ”¥,neutral,
ğŸ’§,neutral,
ğŸŒŠ,neutral,
ğŸƒ,neutral,
ğŸ„,neutral,
ğŸ†,neutral,
ğŸ‡,neutral,
ğŸ§¨,neutral,
âœ¨,neutral,
ğŸˆ,neutral,
ğŸ‰,neutral,
ğŸŠ,neutral,
ğŸ‹,neutral,
ğŸ,neutral,
ğŸ,neutral,
ğŸ,neutral,
ğŸ‘,neutral,
ğŸ§§,neutral,
ğŸ€,neutral,
ğŸ,neutral,
ğŸ—,neutral,
ğŸŸ,neutral,
ğŸ«,neutral,
ğŸ–,neutral,
ğŸ†,neutral,
ğŸ…,neutral,
ğŸ¥‡,neutral,
ğŸ¥ˆ,neutral,
ğŸ¥‰,neutral,
âš½,neutral,
âš¾,neutral,
ğŸ¥,neutral,
ğŸ€,neutral,
ğŸ,neutral,
ğŸˆ,neutral,
ğŸ‰,neutral,
ğŸ¾,neutral,
ğŸ¥,neutral,
ğŸ³,neutral,
ğŸ,neutral,
ğŸ‘,neutral,
ğŸ’,neutral,
ğŸ¥,neutral,
ğŸ“,neutral,
ğŸ¸,neutral,
ğŸ¥Š,neutral,
ğŸ¥‹,neutral,
ğŸ¥…,neutral,
â›³,neutral,
â›¸,neutral,
ğŸ£,neutral,
ğŸ¤¿,neutral,
ğŸ½,neutral,
ğŸ¿,neutral,
ğŸ›·,neutral,
ğŸ¥Œ,neutral,
ğŸ¯,neutral,
ğŸª€,neutral,
ğŸª,neutral,
ğŸ±,neutral,
ğŸ”®,neutral,
ğŸª„,neutral,
ğŸ§¿,neutral,
ğŸª„,neutral,
ğŸ®,neutral,
ğŸ•¹,neutral,
ğŸ°,neutral,
ğŸ²,neutral,
ğŸ§©,neutral,
ğŸ§¸,neutral,
ğŸª…,neutral,
ğŸª†,neutral,
ğŸª†,neutral,
â™ ,neutral,
â™¥,neutral,
â™£,neutral,
â™Ÿ,neutral,
ğŸƒ,neutral,
ğŸ€„,neutral,
ğŸ´,neutral,
ğŸ­,neutral,
ğŸ–¼,neutral,
ğŸ¨,neutral,
ğŸ§µ,neutral,
ğŸª¡,neutral,
ğŸ§¶,neutral,
ğŸª¢,neutral,
ğŸ‘“,neutral,
ğŸ•¶,neutral,
ğŸ¥½,neutral,
ğŸ¥¼,neutral,
ğŸ¦º,neutral,
ğŸ‘”,neutral,
ğŸ‘•,neutral,
ğŸ‘–,neutral,
ğŸ§£,neutral,
ğŸ§¤,neutral,
ğŸ§¥,neutral,
ğŸ§¦,neutral,
ğŸ‘—,neutral,
ğŸ‘˜,neutral,
ğŸ¥»,neutral,
ğŸ©±,neutral,
ğŸ©²,neutral,
ğŸ©³,neutral,
ğŸ‘™,neutral,
ğŸ‘š,neutral,
ğŸ‘›,neutral,
ğŸ‘œ,neutral,
ğŸ‘,neutral,
ğŸ›,neutral,
ğŸ’,neutral,
ğŸ©´,neutral,
ğŸ‘,neutral,
ğŸ‘Ÿ,neutral,
ğŸ¥¾,neutral,
ğŸ¥¿,neutral,
ğŸ‘ ,neutral,
ğŸ‘¡,neutral,
ğŸ©°,neutral,
ğŸ‘¢,neutral,
ğŸ‘‘,neutral,
ğŸ‘’,neutral,
ğŸ©,neutral,
ğŸ“,neutral,
ğŸ§¢,neutral,
ğŸª–,neutral,
â›‘,neutral,
ğŸ“¿,neutral,
ğŸ’„,neutral,
ğŸ’,positive,
ğŸ’,positive,
ğŸ”‡,-,neutral
ğŸ”ˆ,neutral,
ğŸ”‰,neutral,
ğŸ”Š,neutral,
ğŸ“¢,neutral,
ğŸ“£,neutral,
ğŸ“¯,neutral,
ğŸ””,neutral,
ğŸ”•,neutral,
ğŸ¼,neutral,
ğŸµ,neutral,
ğŸ¶,neutral,
ğŸ™,neutral,
ğŸš,neutral,
ğŸ›,neutral,
ğŸ¤,neutral,
ğŸ§,neutral,
ğŸ“»,neutral,
ğŸ·,neutral,
ğŸª—,neutral,
ğŸ¸,neutral,
ğŸ¹,neutral,
ğŸº,neutral,
ğŸ»,neutral,
ğŸª•,neutral,
ğŸ¥,neutral,
ğŸª˜,neutral,
ğŸ“±,neutral,
ğŸ“²,neutral,
â˜,neutral,
ğŸ“,neutral,
ğŸ“Ÿ,neutral,
ğŸ“ ,neutral,
ğŸ”‹,neutral,
ğŸª«,neutral,
ğŸ”Œ,neutral,
ğŸ’»,neutral,
ğŸ–¥,neutral,
ğŸ–¨,neutral,
âŒ¨,neutral,
ğŸ–±,neutral,
ğŸ–²,neutral,
ğŸ’½,neutral,
ğŸ’¾,neutral,
ğŸ’¿,neutral,
ğŸ“€,neutral,
ğŸ§®,neutral,
ğŸ¥,neutral,
ğŸ,neutral,
ğŸ“½,neutral,
ğŸ¬,neutral,
ğŸ“º,neutral,
ğŸ“·,neutral,
ğŸ“¸,neutral,
ğŸ“¹,neutral,
ğŸ“¼,neutral,
ğŸ”,neutral,
ğŸ”,neutral,
ğŸ•¯,neutral,
ğŸ’¡,neutral,
ğŸ”¦,neutral,
ğŸ®,neutral,
ğŸª”,neutral,
ğŸ“”,neutral,
ğŸ“•,neutral,
ğŸ“–,neutral,
ğŸ“—,neutral,
ğŸ“˜,neutral,
ğŸ“™,neutral,
ğŸ“š,neutral,
ğŸ““,neutral,
ğŸ“’,neutral,
ğŸ“ƒ,neutral,
ğŸ“œ,neutral,
ğŸ“„,neutral,
ğŸ“°,neutral,
ğŸ—,neutral,
ğŸ“‘,neutral,
ğŸ”–,neutral,
ğŸ·,neutral,
ğŸ’°,neutral,
ğŸª™,neutral,
ğŸ’´,neutral,
ğŸ’µ,neutral,
ğŸ’¶,neutral,
ğŸ’·,neutral,
ğŸ’¸,neutral,
ğŸ’³,neutral,
ğŸ§¾,neutral,
ğŸ’¹,neutral,
âœ‰,neutral,
ğŸ“§,neutral,
ğŸ“©,neutral,
ğŸ“¤,neutral,
ğŸ“¥,neutral,
ğŸ“¦,neutral,
ğŸ“«,neutral,
ğŸ“ª,neutral,
ğŸ“¬,neutral,
ğŸ“­,neutral,
ğŸ“®,neutral,
ğŸ—³,neutral,
âœ,neutral,
âœ’,neutral,
ğŸ–‹,neutral,
ğŸ–Š,neutral,
ğŸ–Œ,neutral,
ğŸ–,neutral,
ğŸ“,neutral,
ğŸ’¼,neutral,
ğŸ“,neutral,
ğŸ“‚,neutral,
ğŸ—‚,neutral,
ğŸ“…,neutral,
ğŸ“†,neutral,
ğŸ“‡,neutral,
ğŸ“ˆ,neutral,
ğŸ“‰,neutral,
ğŸ“Š,neutral,
ğŸ“‹,neutral,
ğŸ“Œ,neutral,
ğŸ“,neutral,
ğŸ“,neutral,
ğŸ–‡,neutral,
ğŸ“,neutral,
ğŸ“,neutral,
âœ‚,neutral,
ğŸ—ƒ,neutral,
ğŸ—„,neutral,
ğŸ—‘,neutral,
ğŸ”’,neutral,
ğŸ”“,neutral,
ğŸ”,neutral,
ğŸ”,neutral,
ğŸ”‘,neutral,
ğŸ—,neutral,
ğŸ”¨,neutral,
ğŸª“,neutral,
â›,neutral,
âš’,neutral,
ğŸ› ,neutral,
ğŸ—¡,neutral,
âš”,neutral,
ğŸ”«,neutral,
ğŸªƒ,neutral,
ğŸ¹,neutral,
ğŸ›¡,neutral,
ğŸªš,neutral,
ğŸ”§,neutral,
ğŸª›,neutral,
ğŸ”©,neutral,
âš™,neutral,
ğŸ—œ,neutral,
âš–,neutral,
ğŸ¦¯,neutral,
ğŸ”—,neutral,
â›“,neutral,
ğŸª,neutral,
ğŸ§°,neutral,
ğŸ§²,neutral,
ğŸªœ,neutral,
âš—,neutral,
ğŸ§ª,neutral,
ğŸ§«,neutral,
ğŸ§¬,neutral,
ğŸ”¬,neutral,
ğŸ”­,neutral,
ğŸ“¡,neutral,
ğŸ’‰,neutral,
ğŸ©¸,neutral,
ğŸ’Š,neutral,
ğŸ©¹,neutral,
ğŸ©¼,neutral,
ğŸ©º,neutral,
ğŸ©»,neutral,
ğŸšª,neutral,
ğŸ›—,neutral,
ğŸª,neutral,
ğŸªŸ,neutral,
ğŸ›,neutral,
ğŸ›‹,neutral,
ğŸª‘,neutral,
ğŸš½,neutral,
ğŸª ,neutral,
ğŸš¿,neutral,
ğŸ›,neutral,
ğŸª¤,neutral,
ğŸª’,neutral,
ğŸ§´,neutral,
ğŸ§·,neutral,
ğŸ§¹,neutral,
ğŸ§º,neutral,
ğŸ§»,neutral,
ğŸª£,neutral,
ğŸ§¼,neutral,
ğŸ«§,neutral,
ğŸª¥,neutral,
ğŸ§½,neutral,
ğŸ§¯,neutral,
ğŸ›’,neutral,
ğŸš¬,neutral,
âš°,neutral,
ğŸª¦,neutral,
âš±,neutral,
ğŸ—¿,neutral,
ğŸª§,neutral,
ğŸªª,neutral,
ğŸ§,neutral,
ğŸš®,neutral,
ğŸš°,neutral,
â™¿,neutral,
ğŸš¹,neutral,
ğŸšº,neutral,
ğŸš»,neutral,
ğŸš¼,neutral,
ğŸš¾,neutral,
ğŸ›‚,neutral,
ğŸ›‚,neutral,
ğŸ›„,neutral,
ğŸ›…,neutral,
âš ,neutral,
ğŸš¸,negative,
â›”,negative,
ğŸš«,negative,
ğŸš³,negative,
ğŸš­,negative,
ğŸš¯,negative,
ğŸš±,negative,
ğŸš·,negative,
ğŸ“µ,negative,
ğŸ”,negative,
â˜¢,neutral,
â˜£,neutral,
â¬†,neutral,
â†—,neutral,
â¡,neutral,
â†˜,neutral,
â¬‡,neutral,
â†™,neutral,
â¬…,neutral,
â†–,neutral,
â†•,neutral,
â†”,neutral,
â†©,neutral,
â†ª,neutral,
â¤´,neutral,
â¤µ,neutral,
ğŸ”ƒ,neutral,
ğŸ”„,neutral,
ğŸ”™,neutral,
ğŸ”š,neutral,
ğŸ”›,neutral,
ğŸ”œ,neutral,
ğŸ”,neutral,
ğŸ›,neutral,
âš›,neutral,
ğŸ•‰,neutral,
âœ¡,neutral,
â˜¸,neutral,
â˜¯,neutral,
âœ,neutral,
â˜¦,neutral,
â˜ª,neutral,
â˜®,neutral,
ğŸ•,neutral,
ğŸ”¯,neutral,
â™ˆ,neutral,
â™‰,neutral,
â™Š,neutral,
â™‹,neutral,
â™Œ,neutral,
â™,neutral,
â™,neutral,
â™,neutral,
â™,neutral,
â™‘,neutral,
â™’,neutral,
â™“,neutral,
â›,neutral,
ğŸ”€,neutral,
ğŸ”,neutral,
ğŸ”‚,neutral,
â–¶,neutral,
â¸,neutral,
â©,neutral,
â­,neutral,
â¯,neutral,
â—€,neutral,
âª,neutral,
â®,neutral,
ğŸ”¼,neutral,
â«,neutral,
ğŸ”½,neutral,
â¬,neutral,
â¹,neutral,
âº,neutral,
â,neutral,
ğŸ¦,neutral,
ğŸ”…,neutral,
ğŸ”†,neutral,
ğŸ“¶,neutral,
ğŸ“³,neutral,
ğŸ“´,neutral,
â™€,neutral,
â™‚,neutral,
âš§,neutral,
âœ–,neutral,
â•,neutral,
â–,neutral,
â—,neutral,
ğŸŸ°,neutral,
â™¾,neutral,
â€¼,neutral,
â‰,neutral,
â“,neutral,
â”,neutral,
â—,neutral,
â•,neutral,
ã€°,neutral,
ğŸ’±,neutral,
ğŸ’²,neutral,
âš•,neutral,
â™»,neutral,
âšœ,neutral,
ğŸ”±,neutral,
ğŸ“›,neutral,
ğŸ”°,neutral,
â­•,neutral,
âœ…,neutral,
â˜‘,neutral,
âœ”,neutral,
âŒ,neutral,
â,neutral,
â°,neutral,
â¿,neutral,
ã€½,neutral,
âœ³,neutral,
âœ´,neutral,
â‡,neutral,
Â©,neutral,
Â®,neutral,
â„¢,neutral,
#ï¸âƒ£,neutral,
*ï¸âƒ£,neutral,
1ï¸âƒ£,neutral,
2ï¸âƒ£,neutral,
3ï¸âƒ£,neutral,
4ï¸âƒ£,neutral,
5ï¸âƒ£,neutral,
6ï¸âƒ£,neutral,
7ï¸âƒ£,neutral,
8ï¸âƒ£,neutral,
9ï¸âƒ£,neutral,
ğŸ”Ÿ,neutral,
ğŸ” ,neutral,
ğŸ”¡,neutral,
ğŸ”¢,neutral,
ğŸ”£,neutral,
ğŸ”¤,neutral,
ğŸ…°,neutral,
ğŸ†,neutral,
ğŸ…±,neutral,
ğŸ…¾,neutral,
ğŸ†‘,neutral,
ğŸ†’,neutral,
ğŸ†“,neutral,
â„¹,neutral,
ğŸ†”,neutral,
â“‚,neutral,
ğŸ†•,neutral,
ğŸ†–,neutral,
ğŸ†—,neutral,
ğŸ…¿,neutral,
ğŸ†˜,neutral,
ğŸ†™,neutral,
ğŸ†š,neutral,
ğŸˆ,neutral,
ğŸˆ‚,neutral,
ğŸˆ·,neutral,
ğŸˆ¶,neutral,
ğŸˆ¯,neutral,
ğŸ‰,neutral,
ğŸˆ¹,neutral,
ğŸˆš,neutral,
ğŸˆ²,neutral,
ğŸ‰‘,neutral,
ğŸˆ¸,neutral,
ğŸˆ´,neutral,
ğŸˆ³,neutral,
ãŠ—,neutral,
ãŠ™,neutral,
ğŸˆº,neutral,
ğŸˆµ,neutral,
ğŸ”´,neutral,
ğŸŸ ,neutral,
ğŸŸ¡,neutral,
ğŸŸ¢,neutral,
ğŸ”µ,neutral,
ğŸŸ£,neutral,
ğŸŸ¤,neutral,
âš«,neutral,
âšª,neutral,
ğŸŸ¥,neutral,
ğŸŸ§,neutral,
ğŸŸ¨,neutral,
ğŸŸ©,neutral,
ğŸŸ¦,neutral,
ğŸŸª,neutral,
ğŸŸ«,neutral,
â¬›,neutral,
â¬œ,neutral,
ğŸ”¶,neutral,
ğŸ”·,neutral,
ğŸ”¸,neutral,
ğŸ”¹,neutral,
ğŸ”º,neutral,
ğŸ”»,neutral,
ğŸ’ ,neutral,
ğŸ”˜,neutral,
ğŸ”³,neutral,
ğŸ”²,neutral,
ğŸ,neutral,
ğŸš©,neutral,
ğŸŒ,neutral,
ğŸ´,neutral,
ğŸ³,neutral,
ğŸ³ï¸â€ğŸŒˆ,neutral,
ğŸ³ï¸â€âš§ï¸,neutral,
ğŸ´â€â˜ ï¸,neutral,
ğŸ‡¦ğŸ‡¨,neutral,
ğŸ‡¦ğŸ‡©,neutral,
ğŸ‡¦ğŸ‡ª,neutral,
ğŸ‡¦ğŸ‡«,neutral,
ğŸ‡¦ğŸ‡¬,neutral,
ğŸ‡¦ğŸ‡®,neutral,
ğŸ‡¦ğŸ‡±,neutral,
ğŸ‡¦ğŸ‡²,neutral,
ğŸ‡¦ğŸ‡´,neutral,
ğŸ‡¦ğŸ‡¶,neutral,
ğŸ‡¦ğŸ‡·,neutral,
ğŸ‡¦ğŸ‡¸,neutral,
ğŸ‡¦ğŸ‡¹,neutral,
ğŸ‡¦ğŸ‡º,neutral,
ğŸ‡¦ğŸ‡¼,neutral,
ğŸ‡¦ğŸ‡½,neutral,
ğŸ‡¦ğŸ‡¿,neutral,
ğŸ‡§ğŸ‡¦,neutral,
ğŸ‡§ğŸ‡§,neutral,
ğŸ‡§ğŸ‡©,neutral,
ğŸ‡§ğŸ‡ª,neutral,
ğŸ‡§ğŸ‡«,neutral,
ğŸ‡§ğŸ‡¬,neutral,
ğŸ‡§ğŸ‡­,neutral,
ğŸ‡§ğŸ‡®,neutral,
ğŸ‡§ğŸ‡¯,neutral,
ğŸ‡§ğŸ‡±,neutral,
ğŸ‡§ğŸ‡²,neutral,
ğŸ‡§ğŸ‡³,neutral,
ğŸ‡§ğŸ‡´,neutral,
ğŸ‡§ğŸ‡¶,neutral,
ğŸ‡§ğŸ‡·,neutral,
ğŸ‡§ğŸ‡¸,neutral,
ğŸ‡§ğŸ‡¹,neutral,
ğŸ‡§ğŸ‡»,neutral,
ğŸ‡§ğŸ‡¼,neutral,
ğŸ‡§ğŸ‡¾,neutral,
ğŸ‡§ğŸ‡¿,neutral,
ğŸ‡¨ğŸ‡¦,neutral,
ğŸ‡¨ğŸ‡¨,neutral,
ğŸ‡¨ğŸ‡©,neutral,
ğŸ‡¨ğŸ‡«,neutral,
ğŸ‡¨ğŸ‡¬,neutral,
ğŸ‡¨ğŸ‡­,neutral,
ğŸ‡¨ğŸ‡®,neutral,
ğŸ‡¨ğŸ‡°,neutral,
ğŸ‡¨ğŸ‡±,neutral,
ğŸ‡¨ğŸ‡²,neutral,
ğŸ‡¨ğŸ‡³,neutral,
ğŸ‡¨ğŸ‡´,neutral,
ğŸ‡¨ğŸ‡µ,neutral,
ğŸ‡¨ğŸ‡·,neutral,
ğŸ‡¨ğŸ‡º,neutral,
ğŸ‡¨ğŸ‡»,neutral,
ğŸ‡¨ğŸ‡¼,neutral,
ğŸ‡¨ğŸ‡½,neutral,
ğŸ‡¨ğŸ‡¾,neutral,
ğŸ‡©ğŸ‡ª,neutral,
ğŸ‡©ğŸ‡¬,neutral,
ğŸ‡©ğŸ‡¯,neutral,
ğŸ‡©ğŸ‡°,neutral,
ğŸ‡©ğŸ‡²,neutral,
ğŸ‡©ğŸ‡´,neutral,
ğŸ‡©ğŸ‡¿,neutral,
ğŸ‡ªğŸ‡¦,neutral,
ğŸ‡ªğŸ‡¨,neutral,
ğŸ‡ªğŸ‡ª,neutral,
ğŸ‡ªğŸ‡¬,neutral,
ğŸ‡ªğŸ‡­,neutral,
ğŸ‡ªğŸ‡·,neutral,
ğŸ‡ªğŸ‡¸,neutral,
ğŸ‡ªğŸ‡¹,neutral,
ğŸ‡ªğŸ‡º,neutral,
ğŸ‡«ğŸ‡®,neutral,
ğŸ‡«ğŸ‡¯,neutral,
ğŸ‡«ğŸ‡°,neutral,
ğŸ‡«ğŸ‡²,neutral,
ğŸ‡«ğŸ‡´,neutral,
ğŸ‡«ğŸ‡·,neutral,
ğŸ‡¬ğŸ‡¦,neutral,
ğŸ‡¬ğŸ‡§,neutral,
ğŸ‡¬ğŸ‡©,neutral,
ğŸ‡¬ğŸ‡ª,neutral,
ğŸ‡¬ğŸ‡«,neutral,
ğŸ‡¬ğŸ‡¬,neutral,
ğŸ‡¬ğŸ‡­,neutral,
ğŸ‡¬ğŸ‡®,neutral,
ğŸ‡¬ğŸ‡±,neutral,
ğŸ‡¬ğŸ‡²,neutral,
ğŸ‡¬ğŸ‡³,neutral,
ğŸ‡¬ğŸ‡µ,neutral,
ğŸ‡¬ğŸ‡¶,neutral,
ğŸ‡¬ğŸ‡·,neutral,
ğŸ‡¬ğŸ‡¸,neutral,
ğŸ‡¬ğŸ‡¹,neutral,
ğŸ‡¬ğŸ‡º,neutral,
ğŸ‡¬ğŸ‡¼,neutral,
ğŸ‡¬ğŸ‡¾,neutral,
ğŸ‡­ğŸ‡°,neutral,
ğŸ‡­ğŸ‡²,neutral,
ğŸ‡­ğŸ‡³,neutral,
ğŸ‡­ğŸ‡·,neutral,
ğŸ‡­ğŸ‡¹,neutral,
ğŸ‡­ğŸ‡º,neutral,
ğŸ‡®ğŸ‡¨,neutral,
ğŸ‡®ğŸ‡©,neutral,
ğŸ‡®ğŸ‡ª,neutral,
ğŸ‡®ğŸ‡±,neutral,
ğŸ‡®ğŸ‡²,neutral,
ğŸ‡®ğŸ‡³,neutral,
ğŸ‡®ğŸ‡´,neutral,
ğŸ‡®ğŸ‡¶,neutral,
ğŸ‡®ğŸ‡·,neutral,
ğŸ‡®ğŸ‡¸,neutral,
ğŸ‡®ğŸ‡¹,neutral,
ğŸ‡¯ğŸ‡ª,neutral,
ğŸ‡¯ğŸ‡²,neutral,
ğŸ‡¯ğŸ‡´,neutral,
ğŸ‡¯ğŸ‡µ,neutral,
ğŸ‡°ğŸ‡ª,neutral,
ğŸ‡°ğŸ‡¬,neutral,
ğŸ‡°ğŸ‡­,neutral,
ğŸ‡°ğŸ‡­,neutral,
ğŸ‡°ğŸ‡®,neutral,
ğŸ‡°ğŸ‡²,neutral,
ğŸ‡°ğŸ‡³,neutral,
ğŸ‡°ğŸ‡µ,neutral,
ğŸ‡°ğŸ‡·,neutral,
ğŸ‡°ğŸ‡¼,neutral,
ğŸ‡°ğŸ‡¾,neutral,
ğŸ‡°ğŸ‡¿,neutral,
ğŸ‡±ğŸ‡¦,neutral,
ğŸ‡±ğŸ‡§,neutral,
ğŸ‡±ğŸ‡¨,neutral,
ğŸ‡±ğŸ‡®,neutral,
ğŸ‡±ğŸ‡°,neutral,
ğŸ‡±ğŸ‡·,neutral,
ğŸ‡±ğŸ‡¸,neutral,
ğŸ‡±ğŸ‡¹,neutral,
ğŸ‡±ğŸ‡»,neutral,
ğŸ‡±ğŸ‡¾,neutral,
ğŸ‡²ğŸ‡¦,neutral,
ğŸ‡²ğŸ‡¨,neutral,
ğŸ‡²ğŸ‡©,neutral,
ğŸ‡²ğŸ‡ª,neutral,
ğŸ‡²ğŸ‡¬,neutral,
ğŸ‡²ğŸ‡­,neutral,
ğŸ‡²ğŸ‡°,neutral,
ğŸ‡²ğŸ‡±,neutral,
ğŸ‡²ğŸ‡²,neutral,
ğŸ‡²ğŸ‡³,neutral,
ğŸ‡²ğŸ‡´,neutral,
ğŸ‡²ğŸ‡µ,neutral,
ğŸ‡²ğŸ‡¶,neutral,
ğŸ‡²ğŸ‡·,neutral,
ğŸ‡²ğŸ‡¸,neutral,
ğŸ‡²ğŸ‡¹,neutral,
ğŸ‡²ğŸ‡º,neutral,
ğŸ‡²ğŸ‡»,neutral,
ğŸ‡²ğŸ‡¼,neutral,
ğŸ‡²ğŸ‡½,neutral,
ğŸ‡²ğŸ‡¾,neutral,
ğŸ‡²ğŸ‡¿,neutral,
ğŸ‡³ğŸ‡¦,neutral,
ğŸ‡³ğŸ‡¨,neutral,
ğŸ‡³ğŸ‡ª,neutral,
ğŸ‡³ğŸ‡«,neutral,
ğŸ‡³ğŸ‡¬,neutral,
ğŸ‡³ğŸ‡®,neutral,
ğŸ‡³ğŸ‡±,neutral,
ğŸ‡³ğŸ‡´,neutral,
ğŸ‡³ğŸ‡µ,neutral,
ğŸ‡³ğŸ‡·,neutral,
ğŸ‡³ğŸ‡º,neutral,
ğŸ‡³ğŸ‡¿,neutral,
ğŸ‡´ğŸ‡²,neutral,
ğŸ‡µğŸ‡¦,neutral,
ğŸ‡µğŸ‡ª,neutral,
ğŸ‡µğŸ‡«,neutral,
ğŸ‡µğŸ‡¬,neutral,
ğŸ‡µğŸ‡­,neutral,
ğŸ‡µğŸ‡°,neutral,
ğŸ‡µğŸ‡±,neutral,
ğŸ‡µğŸ‡²,neutral,
ğŸ‡µğŸ‡³,neutral,
ğŸ‡µğŸ‡·,neutral,
ğŸ‡µğŸ‡¸,neutral,
ğŸ‡µğŸ‡¹,neutral,
ğŸ‡µğŸ‡¼,neutral,
ğŸ‡µğŸ‡¾,neutral,
ğŸ‡¶ğŸ‡¦,neutral,
ğŸ‡·ğŸ‡ª,neutral,
ğŸ‡·ğŸ‡¸,neutral,
ğŸ‡·ğŸ‡º,neutral,
ğŸ‡·ğŸ‡¼,neutral,
ğŸ‡¸ğŸ‡¦,neutral,
ğŸ‡¸ğŸ‡§,neutral,
ğŸ‡¸ğŸ‡¨,neutral,
ğŸ‡¸ğŸ‡©,neutral,
ğŸ‡¸ğŸ‡ª,neutral,
ğŸ‡¸ğŸ‡¬,neutral,
ğŸ‡¸ğŸ‡­,neutral,
ğŸ‡¸ğŸ‡®,neutral,
ğŸ‡¸ğŸ‡¯,neutral,
ğŸ‡¸ğŸ‡°,neutral,
ğŸ‡¸ğŸ‡±,neutral,
ğŸ‡¸ğŸ‡²,neutral,
ğŸ‡¸ğŸ‡³,neutral,
ğŸ‡¸ğŸ‡´,neutral,
ğŸ‡¸ğŸ‡·,neutral,
ğŸ‡¸ğŸ‡¸,neutral,
ğŸ‡¸ğŸ‡¹,neutral,
ğŸ‡¸ğŸ‡»,neutral,
ğŸ‡¸ğŸ‡½,neutral,
ğŸ‡¸ğŸ‡¾,neutral,
ğŸ‡¸ğŸ‡¿,neutral,
ğŸ‡¹ğŸ‡¦,neutral,
ğŸ‡¹ğŸ‡¨,neutral,
ğŸ‡¹ğŸ‡©,neutral,
ğŸ‡¹ğŸ‡«,neutral,
ğŸ‡¹ğŸ‡¬,neutral,
ğŸ‡¹ğŸ‡­,neutral,
ğŸ‡¹ğŸ‡¯,neutral,
ğŸ‡¹ğŸ‡°,neutral,
ğŸ‡¹ğŸ‡±,neutral,
ğŸ‡¹ğŸ‡²,neutral,
ğŸ‡¹ğŸ‡³,neutral,
ğŸ‡¹ğŸ‡´,neutral,
ğŸ‡¹ğŸ‡·,neutral,
ğŸ‡¹ğŸ‡¹,neutral,
ğŸ‡¹ğŸ‡»,neutral,
ğŸ‡¹ğŸ‡¼,neutral,
ğŸ‡¹ğŸ‡¿,neutral,
ğŸ‡ºğŸ‡¦,neutral,
ğŸ‡ºğŸ‡¬,neutral,
ğŸ‡ºğŸ‡²,neutral,
ğŸ‡ºğŸ‡³,neutral,
ğŸ‡ºğŸ‡¸,neutral,
ğŸ‡ºğŸ‡¾,neutral,
ğŸ‡ºğŸ‡¿,neutral,
ğŸ‡»ğŸ‡¦,neutral,
ğŸ‡»ğŸ‡¨,neutral,
ğŸ‡»ğŸ‡ª,neutral,
ğŸ‡»ğŸ‡¬,neutral,
ğŸ‡»ğŸ‡®,neutral,
ğŸ‡»ğŸ‡®,neutral,
ğŸ‡»ğŸ‡º,neutral,
ğŸ‡¼ğŸ‡«,neutral,
ğŸ‡¼ğŸ‡¸,neutral,
ğŸ‡½ğŸ‡°,neutral,
ğŸ‡¾ğŸ‡ª,neutral,
ğŸ‡¾ğŸ‡¹,neutral,
ğŸ‡¿ğŸ‡¦,neutral,
ğŸ‡¿ğŸ‡²,neutral,
ğŸ‡¿ğŸ‡¼,neutral,
ğŸ´ó §ó ¢ó ¥ó ®ó §ó ¿,neutral,
ğŸ´ó §ó ¢ó ³ó £ó ´ó ¿,neutral,
ğŸ´ó §ó ¢ó ·ó ¬ó ³ó ¿,neutral,